time,command
1638914221.9018877,get
1638914221.9171624,get
1638914221.925367,get
1638914221.9343886,get
1638914221.943243,get
1638914221.9526374,set
1638914222.2059846,set
1638914222.409823,set
1638914222.6137898,get
1638914222.6244574,get
1638914222.6349082,set
1638914222.8176146,set
1638914223.0216467,set
1638914223.2255852,set
1638914223.4294527,get
1638914223.4399564,set
1638914223.633405,set
1638914223.837305,get
1638914223.8479242,set
1638914224.041083,get
1638914224.0516245,get
1638914224.0615509,set
1638914224.2450597,get
1638914224.2557902,set
1638914224.44901,set
1638914224.652765,set
1638914224.8566868,get
1638914224.8672955,set
1638914225.060571,get
1638914225.07066,get
1638914225.0794284,get
1638914225.089204,get
1638914225.0994997,set
1638914225.2644758,set
1638914225.4683068,get
1638914225.4783242,get
1638914225.4871044,get
1638914225.4964056,get
1638914225.5055428,get
1638914225.515288,get
1638914225.5240176,set
1638914225.7738302,get
1638914225.784432,set
1638914225.9776855,get
1638914225.9882433,get
1638914225.9982045,get
1638914226.0072353,get
1638914226.0177698,set
1638914226.2832522,set
1638914226.4872096,get
1638914226.4980392,set
1638914226.6911263,set
1638914226.895045,get
1638914226.9051154,set
1638914227.0992439,get
1638914227.110208,set
1638914227.3030717,get
1638914227.3142388,set
1638914227.506817,set
1638914227.7107322,set
1638914227.9146698,get
1638914227.9250016,get
1638914227.9343615,get
1638914227.9440756,set
1638914228.1186135,get
1638914228.1292317,get
1638914228.1394289,set
1638914228.322483,set
1638914228.5264235,get
1638914228.536587,set
1638914228.7303488,set
1638914228.9343243,set
1638914229.1382651,get
1638914229.1489692,set
1638914229.3422472,get
1638914229.352416,set
1638914229.5462086,get
1638914229.5560691,set
1638914229.7502375,get
1638914229.760355,set
1638914229.9541967,get
1638914229.9650018,set
1638914230.1581984,set
1638914230.3620872,set
1638914230.5659904,set
1638914230.7699475,set
1638914230.9739304,get
1638914230.9844751,set
1638914231.1778548,set
1638914231.3817954,get
1638914231.3923955,get
1638914231.4028397,set
1638914231.5859296,set
1638914231.789728,get
1638914231.8003101,set
1638914231.993574,get
1638914232.0042193,get
1638914232.0145028,get
1638914232.0248241,set
1638914232.1975164,set
1638914232.4013503,get
1638914232.4115326,get
1638914232.4208856,get
1638914232.430995,set
1638914232.6053448,set
1638914232.8093114,set
1638914233.0132544,set
1638914233.2171876,set
1638914233.4211683,set
1638914233.6251535,get
1638914233.6357017,get
1638914233.6457305,set
1638914233.829041,get
1638914233.8396552,set
1638914234.0329635,get
1638914234.0435975,get
1638914234.0541813,set
1638914234.2369027,set
1638914234.4407122,get
1638914234.4513397,set
1638914234.6446888,set
1638914234.8486073,set
1638914235.052522,get
1638914235.0630279,set
1638914235.2565076,get
1638914235.2665994,get
1638914235.2758315,get
1638914235.2862182,set
1638914235.4604099,get
1638914235.4710114,set
1638914235.6643224,get
1638914235.6750507,set
1638914235.868232,get
1638914235.8781478,get
1638914235.8870568,get
1638914235.896902,set
1638914236.0721714,get
1638914236.0827646,set
1638914236.2761354,set
1638914236.480103,set
1638914236.6839695,set
1638914236.8878386,set
1638914237.0916758,get
1638914237.1017914,set
1638914237.2956457,get
1638914237.3063855,set
1638914237.4995034,set
1638914237.7035513,set
1638914237.907548,get
1638914237.9177492,get
1638914237.9269927,set
1638914238.1114295,get
1638914238.122105,set
1638914238.31523,get
1638914238.325891,get
1638914238.3361664,set
1638914238.5192325,set
1638914238.723166,get
1638914238.733854,set
1638914238.9271042,get
1638914238.9377234,get
1638914238.947762,set
1638914239.1309347,get
1638914239.1416276,set
1638914239.3348641,set
1638914239.5388966,get
1638914239.549583,set
1638914239.7428358,set
1638914239.9467318,set
1638914240.1506908,set
1638914240.3545609,set
1638914240.5583076,set
1638914240.762403,get
1638914240.7723525,set
1638914240.9663765,set
1638914241.170304,get
1638914241.1809702,set
1638914241.37409,set
1638914241.5780306,get
1638914241.5886607,get
1638914241.5991607,set
1638914241.782061,get
1638914241.7927399,get
1638914241.8031216,get
1638914241.8133113,get
1638914241.8237004,get
1638914241.8342192,set
1638914242.0873463,set
1638914242.2912269,set
1638914242.495207,get
1638914242.5059807,get
1638914242.5161242,set
1638914242.6991284,set
1638914242.90303,get
1638914242.9136949,get
1638914242.9240997,get
1638914242.934218,set
1638914243.1068847,get
1638914243.117614,get
1638914243.1279984,set
1638914243.3107533,get
1638914243.321427,set
1638914243.5147548,set
1638914243.7186437,set
1638914243.9225838,set
1638914244.1267622,set
1638914244.3300138,get
1638914244.340108,get
1638914244.349333,set
1638914244.5340064,set
1638914244.7378314,get
1638914244.7484157,set
1638914244.9418242,set
1638914245.1457567,get
1638914245.1563954,set
1638914245.3497205,get
1638914245.360251,get
1638914245.3706691,set
1638914245.5536652,get
1638914245.5642083,get
1638914245.5741367,set
1638914245.7575386,set
1638914245.9614668,set
1638914246.1655283,get
1638914246.1760023,get
1638914246.1865575,get
1638914246.1966202,set
1638914246.3693712,get
1638914246.3799953,set
1638914246.573266,set
1638914246.7772088,get
1638914246.7879162,get
1638914246.7985866,get
1638914246.809029,set
1638914246.9810355,get
1638914246.9911678,set
1638914247.1850038,set
1638914247.3889747,get
1638914247.3996773,get
1638914247.4089477,get
1638914247.4177072,get
1638914247.4275086,get
1638914247.437535,get
1638914247.447898,set
1638914247.6944234,set
1638914247.898297,set
1638914248.1021755,get
1638914248.1128228,set
1638914248.3061428,set
1638914248.5100489,set
1638914248.7138774,get
1638914248.7243123,get
1638914248.7347124,get
1638914248.7444792,get
1638914248.753639,set
1638914248.9178936,get
1638914248.928497,set
1638914249.1213114,get
1638914249.1319048,get
1638914249.1425369,get
1638914249.1530075,get
1638914249.1629786,set
1638914249.3257625,get
1638914249.3363454,get
1638914249.3468795,get
1638914249.3571124,set
1638914249.5296683,set
1638914249.7338176,set
1638914249.9372628,set
1638914250.1405857,set
1638914250.3445477,get
1638914250.3545477,set
1638914250.5484757,get
1638914250.559051,set
1638914250.752448,get
1638914250.763038,set
1638914250.9562666,set
1638914251.1603262,set
1638914251.3641372,get
1638914251.374884,get
1638914251.385033,get
1638914251.394961,get
1638914251.405263,get
1638914251.415942,set
1638914251.6696846,get
1638914251.6797004,get
1638914251.6891084,get
1638914251.6994379,get
1638914251.7101212,set
1638914251.9756503,set
1638914252.1795511,set
1638914252.3835769,get
1638914252.394394,get
1638914252.404038,get
1638914252.4128108,set
1638914252.5874267,get
1638914252.598152,get
1638914252.6085262,get
1638914252.6186016,get
1638914252.628595,set
1638914252.791422,get
1638914252.8014965,get
1638914252.8105342,get
1638914252.8196545,set
1638914252.9955006,set
1638914253.1994376,get
1638914253.2100384,get
1638914253.2201612,set
1638914253.403337,set
1638914253.607222,set
1638914253.8111048,set
1638914254.015086,set
1638914254.2190213,set
1638914254.422983,set
1638914254.6268492,set
1638914254.8307548,set
1638914255.0347805,get
1638914255.0450864,set
1638914255.2387862,set
1638914255.4427934,get
1638914255.4534738,set
1638914255.646626,set
1638914255.850915,get
1638914255.8616905,set
1638914256.054162,set
1638914256.258092,get
1638914256.2687383,set
1638914256.4620376,set
1638914256.6659276,set
1638914256.8700316,set
1638914257.0739691,set
1638914257.2777963,set
1638914257.48165,set
1638914257.6855593,get
1638914257.695943,get
1638914257.705934,set
1638914257.889664,set
1638914258.0935204,set
1638914258.2975206,get
1638914258.308201,set
1638914258.5014017,set
1638914258.7054143,set
1638914258.9094079,set
1638914259.1134868,get
1638914259.1241481,set
1638914259.3173106,get
1638914259.3278894,get
1638914259.337876,set
1638914259.521382,set
1638914259.7252383,get
1638914259.7360792,set
1638914259.9291515,set
1638914260.1330771,set
1638914260.3369536,get
1638914260.347459,get
1638914260.3574421,set
1638914260.5409296,get
1638914260.5509944,set
1638914260.744822,get
1638914260.7555935,get
1638914260.7655923,set
1638914260.9485648,set
1638914261.1524644,set
1638914261.3563623,get
1638914261.36697,set
1638914261.560263,set
1638914261.7642388,set
1638914261.9680245,set
1638914262.1719632,get
1638914262.1826031,set
1638914262.3758748,set
1638914262.5798638,get
1638914262.5905561,get
1638914262.600795,set
1638914262.7837427,set
1638914262.9877133,get
1638914262.998397,get
1638914263.0085723,set
1638914263.191707,set
1638914263.3957312,set
1638914263.5997715,set
1638914263.80346,set
1638914264.0073526,set
1638914264.2114086,get
1638914264.222097,set
1638914264.415348,get
1638914264.4259942,get
1638914264.4361055,get
1638914264.4459913,set
1638914264.6192422,get
1638914264.629899,get
1638914264.6401494,set
1638914264.8232098,set
1638914265.027084,get
1638914265.0372472,get
1638914265.045978,set
1638914265.2310493,set
1638914265.4348586,get
1638914265.4454389,set
1638914265.638987,get
1638914265.6491356,get
1638914265.657828,set
1638914265.84302,get
1638914265.8538175,get
1638914265.86369,set
1638914266.0469074,get
1638914266.0574963,set
1638914266.2508264,get
1638914266.2609699,set
1638914266.4548383,get
1638914266.465456,get
1638914266.4757175,set
1638914266.6587439,get
1638914266.6689024,get
1638914266.6781275,get
1638914266.6880958,set
1638914266.862758,set
1638914267.0667245,set
1638914267.270631,set
1638914267.4745998,get
1638914267.4852843,get
1638914267.4950862,get
1638914267.5037894,get
1638914267.514451,set
1638914267.6788723,get
1638914267.6896603,set
1638914267.882052,set
1638914268.0860019,get
1638914268.0965338,get
1638914268.106821,get
1638914268.1161888,set
1638914268.2898326,get
1638914268.3001196,get
1638914268.3104944,get
1638914268.3205602,set
1638914268.4938948,get
1638914268.5044985,set
1638914268.697769,get
1638914268.7083957,get
1638914268.7189302,get
1638914268.7291276,set
1638914268.9017208,get
1638914268.9121182,get
1638914268.9225724,set
1638914269.1057057,get
1638914269.1156907,set
1638914269.3093364,set
1638914269.513397,get
1638914269.523969,get
1638914269.53448,set
1638914269.7172632,get
1638914269.7277956,get
1638914269.7376063,get
1638914269.7468176,get
1638914269.7557373,get
1638914269.7662618,set
1638914270.0227952,set
1638914270.2268953,get
1638914270.2370827,set
1638914270.4308305,get
1638914270.4415824,set
1638914270.6347828,set
1638914270.8381336,get
1638914270.8482769,get
1638914270.8569975,get
1638914270.865834,get
1638914270.8749115,set
1638914271.0420804,set
1638914271.2459977,set
1638914271.4500396,set
1638914271.6539855,get
1638914271.6646266,set
1638914271.857703,get
1638914271.8682182,set
1638914272.061749,get
1638914272.072365,set
1638914272.2655673,set
1638914272.4694579,set
1638914272.673404,get
1638914272.6841474,get
1638914272.694661,set
1638914272.8773673,get
1638914272.8879802,get
1638914272.898567,get
1638914272.9091892,get
1638914272.9191632,set
1638914273.1828976,set
1638914273.386846,set
1638914273.5908232,set
1638914273.7947643,get
1638914273.8055289,get
1638914273.8157547,get
1638914273.8257525,get
1638914273.835267,get
1638914273.8444388,set
1638914274.10043,get
1638914274.1111445,set
1638914274.3043456,set
1638914274.50827,get
1638914274.5188522,get
1638914274.5284407,get
1638914274.5369346,set
1638914274.712263,get
1638914274.7228596,set
1638914274.916104,set
1638914275.1199696,get
1638914275.1307454,get
1638914275.1408362,get
1638914275.1506405,get
1638914275.1604297,get
1638914275.1697168,set
1638914275.4255645,get
1638914275.4362957,get
1638914275.4468586,set
1638914275.6295874,get
1638914275.6402075,get
1638914275.6507308,get
1638914275.6606672,get
1638914275.6700659,set
1638914275.9353654,set
1638914276.139341,get
1638914276.1499739,get
1638914276.1595418,set
1638914276.343258,get
1638914276.3538942,get
1638914276.3633924,set
1638914276.5471764,get
1638914276.5573678,get
1638914276.5659523,get
1638914276.57461,set
1638914276.7510524,set
1638914276.954876,get
1638914276.9655879,get
1638914276.9752784,set
1638914277.1587703,set
1638914277.362827,set
1638914277.5667593,set
1638914277.7706516,set
1638914277.974683,get
1638914277.985371,get
1638914277.9956763,set
1638914278.1786423,get
1638914278.1894019,set
1638914278.3825903,get
1638914278.3934398,set
1638914278.586577,set
1638914278.7904103,set
1638914278.9944043,get
1638914279.0051804,set
1638914279.1984046,set
1638914279.4024334,get
1638914279.4133298,get
1638914279.4236712,set
1638914279.6064095,set
1638914279.81041,get
1638914279.8210812,set
1638914280.0141823,get
1638914280.0241308,set
1638914280.218216,get
1638914280.228902,get
1638914280.2393186,set
1638914280.4222145,set
1638914280.62607,get
1638914280.6368499,get
1638914280.646685,set
1638914280.8300757,set
1638914281.0340912,set
1638914281.2380364,get
1638914281.2485938,get
1638914281.259022,set
1638914281.4420013,get
1638914281.4525642,get
1638914281.4624543,get
1638914281.4708123,get
1638914281.479875,get
1638914281.4894626,get
1638914281.499082,get
1638914281.507901,set
1638914281.7476008,get
1638914281.7577436,set
